"OSGrid","Name","Id"
"SJ29350281","Marton Pool Inflow Road Drain",1
"SJ29480292","Marton Pool Inflow Lowerfield Brook",2
"SJ29630287","Marton Pool Inflow Dale Ditch",3
"SJ41703274","White Mere Inflow Griffiths Field Drain",4
"SJ42883347","Cole Mere Inflow Little Mill Cottage",5
"SJ43093356","Cole Mere Inflow Canal by the Overspill",6
"SJ43133354","Cole Mere Inflow Black Coppice Drain",7
"SJ42833034","Crose Mere Silt Trap Inflow",8
"SJ42853038","Crose Mere Silt Trap Outflow",9
"SJ43673040","Sweat Mere Inflow Hulme Field Drain",10
"SJ43473409","Clarepool Moss Near Diver 2",11
"SJ41693306","White Mere Silt Trap Inflow",12
"SJ41703304","White Mere Swale After Check Dam",13
"SJ29300299","Marton Pool caravan extension",14
"SJ29060259","Marton Pool drain from Marton village/rd in Evans Field",15
"SJ56203993","Brown Moss Field Drain from Mullocks to Pool 1",16
"SJ56303969","Brown Moss by Road Culvert to Pool 5",17
"SJ56243899","Brown Moss Field Culvert from Matthews field to Pool 13",18
"SJ56133908","Brown Moss Culvert Under Track By Holly Cottage to Pool 6",19
"SJ5644239458","Brown Moss Drain from Proctor maize by Sycamore to Pool 10",20
"SJ5655439377","Brown Moss Drain by Crab Apple from Gregory's pool to Pool 10  ",21
"SJ5655339371","Cole Mere Canal Leak",22
"SJ4163833172","White Mere Spun Hill Drain Silt Trap Outflow",23
"SJ5051039415","Brown Moss inflow to Pool 10 Proctor 2nd Drain with possible spring",24
"SJ3015004087","Binweston STW Pump Station",25
"SJ2930902551","Marton Pool Evans Field Drains at outfall to Pool",26
"SJ2933102539","Marton Pool Inflow from Aylesford Brook",27
"SJ29650292","Marton Pool Managers House Drain",28
"SJ29640305","Marton Pool Caravan Park Septic tank overflow to Dales Ditch",29
"SJ4173132978","White Mere Road Drain Outfall in Griffiths field",30
